dataset_name,category,variable,start,end,regridded,long_name,group_name,dimensions,units
GFDL/ESM2G,Model: Historical,cct,197101,200512,,Cloud Top Pressure,,2.0,Pa
GISS/E2-H,Model: Historical,cct,195101,200512,,Cloud Top Pressure,,2.0,Pa
GISS/E2-R,Model: Historical,cct,197601,200512,,Cloud Top Pressure,,2.0,Pa
NCC/NORESM,Model: Historical,cct,185001,200512,,Cloud Top Pressure,,2.0,Pa
CCCMA/CANAM4,Model: AMIP,cct,195001,200912,,Cloud Top Pressure,,2.0,Pa
CMCC/CM,Model: AMIP,cct,197901,200812,,Cloud Top Pressure,,2.0,Pa
GFDL/CM3,Model: AMIP,cct,197901,200812,,Cloud Top Pressure,,2.0,Pa
IAP/FGOALS-S2,Model: AMIP,cct,197901,200812,,Cloud Top Pressure,,2.0,Pa
IPSL/CM5A-LR,Model: AMIP,cct,197901,200912,,Cloud Top Pressure,,2.0,Pa
MIROC/MIROC5,Model: AMIP,cct,197901,200812,,Cloud Top Pressure,,2.0,Pa
MPI/ESM-LR,Model: AMIP,cct,185001,200512,,Cloud Top Pressure,,2.0,Pa
MRI/CGCM3,Model: AMIP,cct,185001,200512,,Cloud Top Pressure,,2.0,Pa
UKMO/HadGEM2-A,Model: AMIP,cct,197809,200812,,Cloud Top Pressure,,2.0,Pa
GFDL/ESM2G,Model: Historical,cl,197601,200512,Y,Cloud Area Fraction,,3.0,%
GISS/E2-H,Model: Historical,cl,195101,200512,Y,Cloud Area Fraction,,3.0,%
GISS/E2-R,Model: Historical,cl,195101,200512,Y,Cloud Area Fraction,,3.0,%
NCAR/CAM5,Model: Historical,cl,197501,200512,Y,Cloud Area Fraction,,3.0,%
NCC/NORESM,Model: Historical,cl,195001,200512,Y,Cloud Area Fraction,,3.0,%
UKMO/HadGEM2-ES,Model: Historical,cl,198412,200511,Y,Cloud Area Fraction,,3.0,%
CCCMA/CANAM4,Model: AMIP,cl,195001,200912,Y,Cloud Area Fraction,,3.0,%
CMCC/CM,Model: AMIP,cl,199901,200812,Y,Cloud Area Fraction,,3.0,%
CNRM/CM5,Model: AMIP,cl,197901,200812,Y,Cloud Area Fraction,,3.0,%
CSIRO/MK3.6,Model: AMIP,cl,197001,200512,Y,Cloud Area Fraction,,3.0,%
GFDL/CM3,Model: AMIP,cl,197901,200812,Y,Cloud Area Fraction,,3.0,%
IAP/FGOALS-S2,Model: AMIP,cl,197901,200812,Y,Cloud Area Fraction,,3.0,%
IPSL/CM5A-LR,Model: AMIP,cl,197901,200912,Y,Cloud Area Fraction,,3.0,%
MIROC/MIROC5,Model: AMIP,cl,197001,201212,Y,Cloud Area Fraction,,3.0,%
MPI/ESM-LR,Model: AMIP,cl,198001,200512,Y,Cloud Area Fraction,,3.0,%
MRI/CGCM3,Model: AMIP,cl,198001,200512,Y,Cloud Area Fraction,,3.0,%
UKMO/HadGEM2-A,Model: AMIP,cl,197809,200812,Y,Cloud Area Fraction,,3.0,%
ECMWF/interim,Reanalysis,cl,197901,201512,,Cloud Area Fraction,,3.0,%
WRF/CO-KF,WRF,cl,200401,200412,,Cloud Area Fraction,,3.0,%
WRF/CO-TIE,WRF,cl,200401,200412,,Cloud Area Fraction,,3.0,%
WRF/MP-MOR,WRF,cl,200401,200412,,Cloud Area Fraction,,3.0,%
WRF/MP-WDM,WRF,cl,200401,200412,,Cloud Area Fraction,,3.0,%
WRF/PBL-YSU,WRF,cl,200401,200412,,Cloud Area Fraction,,3.0,%
WRF/PBl-NN2,WRF,cl,200401,200412,,Cloud Area Fraction,,3.0,%
WRF/RA-CAM,WRF,cl,200401,200412,,Cloud Area Fraction,,3.0,%
WRF/ST,WRF,cl,200401,200412,,Cloud Area Fraction,,3.0,%
GFDL/ESM2G,Model: Historical,cli,199101,200512,Y,Cloud Ice Water Content,,3.0,1
GISS/E2-H,Model: Historical,cli,195101,200512,Y,Cloud Ice Water Content,,3.0,1
GISS/E2-R,Model: Historical,cli,200101,200512,Y,Cloud Ice Water Content,,3.0,1
NCAR/CAM5,Model: Historical,cli,197501,200512,Y,Cloud Ice Water Content,,3.0,1
NCC/NORESM,Model: Historical,cli,195001,200512,Y,Cloud Ice Water Content,,3.0,1
UKMO/HadGEM2-ES,Model: Historical,cli,198412,200511,Y,Cloud Ice Water Content,,3.0,1
CCCMA/CANAM4,Model: AMIP,cli,195001,200912,Y,Cloud Ice Water Content,,3.0,1
CMCC/CM,Model: AMIP,cli,198901,200812,Y,Cloud Ice Water Content,,3.0,1
CNRM/CM5,Model: AMIP,cli,197901,200812,Y,Cloud Ice Water Content,,3.0,1
CSIRO/MK3.6,Model: AMIP,cli,197901,200912,Y,Cloud Ice Water Content,,3.0,1
GFDL/CM3,Model: AMIP,cli,197901,200812,Y,Cloud Ice Water Content,,3.0,1
IAP/FGOALS-S2,Model: AMIP,cli,197901,200812,Y,Cloud Ice Water Content,,3.0,1
IPSL/CM5A-LR,Model: AMIP,cli,197901,200912,Y,Cloud Ice Water Content,,3.0,1
MIROC/MIROC5,Model: AMIP,cli,197901,199812,Y,Cloud Ice Water Content,,3.0,1
MPI/ESM-LR,Model: AMIP,cli,198001,200512,Y,Cloud Ice Water Content,,3.0,1
MRI/CGCM3,Model: AMIP,cli,198001,200512,Y,Cloud Ice Water Content,,3.0,1
UKMO/HadGEM2-A,Model: AMIP,cli,197809,200811,Y,Cloud Ice Water Content,,3.0,1
NASA/MLS,Observation,cli,200408,201512,,Cloud Ice Water Content,,3.0,1
GFDL/ESM2G,Model: Historical,clt,195101,200512,,Total Cloud Fraction,,2.0,%
GISS/E2-H,Model: Historical,clt,195101,200512,,Total Cloud Fraction,,2.0,%
GISS/E2-R,Model: Historical,clt,190101,200512,,Total Cloud Fraction,,2.0,%
NCAR/CAM5,Model: Historical,clt,185001,200512,,Total Cloud Fraction,,2.0,%
NCC/NORESM,Model: Historical,clt,199501,200512,,Total Cloud Fraction,,2.0,%
UKMO/HadGEM2-ES,Model: Historical,clt,185912,200511,,Total Cloud Fraction,,2.0,%
CCCMA/CANAM4,Model: AMIP,clt,195001,200912,,Total Cloud Fraction,,2.0,%
CMCC/CM,Model: AMIP,clt,197901,200812,,Total Cloud Fraction,,2.0,%
CNRM/CM5,Model: AMIP,clt,197901,200812,,Total Cloud Fraction,,2.0,%
CSIRO/MK3.6,Model: AMIP,clt,197901,200912,,Total Cloud Fraction,,2.0,%
GFDL/CM3,Model: AMIP,clt,197901,200812,,Total Cloud Fraction,,2.0,%
IAP/FGOALS-S2,Model: AMIP,clt,197901,200812,,Total Cloud Fraction,,2.0,%
IPSL/CM5A-LR,Model: AMIP,clt,197901,200912,,Total Cloud Fraction,,2.0,%
MIROC/MIROC5,Model: AMIP,clt,197901,200812,,Total Cloud Fraction,,2.0,%
MPI/ESM-LR,Model: AMIP,clt,185001,200512,,Total Cloud Fraction,,2.0,%
MRI/CGCM3,Model: AMIP,clt,185001,200512,,Total Cloud Fraction,,2.0,%
UKMO/HadGEM2-A,Model: AMIP,clt,197809,200812,,Total Cloud Fraction,,2.0,%
NASA/MODIS,Observation,clt,200003,201109,,Total Cloud Fraction,,2.0,%
ECMWF/interim,Reanalysis,clt,197901,201404,,Total Cloud Fraction,,2.0,%
GFDL/ESM2G,Model: Historical,clw,199101,200512,Y,Cloud Liquid Water Content,,3.0,1
GISS/E2-H,Model: Historical,clw,195101,200512,Y,Cloud Liquid Water Content,,3.0,1
GISS/E2-R,Model: Historical,clw,199501,200512,Y,Cloud Liquid Water Content,,3.0,1
NCAR/CAM5,Model: Historical,clw,197501,200512,Y,Cloud Liquid Water Content,,3.0,1
NCC/NORESM,Model: Historical,clw,195001,200512,Y,Cloud Liquid Water Content,,3.0,1
UKMO/HadGEM2-ES,Model: Historical,clw,198412,200511,Y,Cloud Liquid Water Content,,3.0,1
CCCMA/CANAM4,Model: AMIP,clw,195001,200912,Y,Cloud Liquid Water Content,,3.0,1
CMCC/CM,Model: AMIP,clw,198901,200812,Y,Cloud Liquid Water Content,,3.0,1
CNRM/CM5,Model: AMIP,clw,197901,200812,Y,Cloud Liquid Water Content,,3.0,1
CSIRO/MK3.6,Model: AMIP,clw,199901,200912,Y,Cloud Liquid Water Content,,3.0,1
GFDL/CM3,Model: AMIP,clw,197901,200812,Y,Cloud Liquid Water Content,,3.0,1
IAP/FGOALS-S2,Model: AMIP,clw,197901,200812,Y,Cloud Liquid Water Content,,3.0,1
IPSL/CM5A-LR,Model: AMIP,clw,197901,200912,Y,Cloud Liquid Water Content,,3.0,1
MIROC/MIROC5,Model: AMIP,clw,197901,200812,Y,Cloud Liquid Water Content,,3.0,1
MPI/ESM-LR,Model: AMIP,clw,198001,200512,Y,Cloud Liquid Water Content,,3.0,1
MRI/CGCM3,Model: AMIP,clw,198001,200512,Y,Cloud Liquid Water Content,,3.0,1
UKMO/HadGEM2-A,Model: AMIP,clw,197809,200811,Y,Cloud Liquid Water Content,,3.0,1
GFDL/ESM2G,Model: Historical,hur,198601,200512,,Relative Humidity,,3.0,%
GISS/E2-H,Model: Historical,hur,195101,200512,,Relative Humidity,,3.0,%
GISS/E2-R,Model: Historical,hur,195101,200512,,Relative Humidity,,3.0,%
NCAR/CAM5,Model: Historical,hur,195001,200512,,Relative Humidity,,3.0,%
NCC/NORESM,Model: Historical,hur,195001,200512,,Relative Humidity,,3.0,%
UKMO/HadGEM2-ES,Model: Historical,hur,198412,200511,,Relative Humidity,,3.0,%
CCCMA/CANAM4,Model: AMIP,hur,195001,200912,,Relative Humidity,,3.0,%
CMCC/CM,Model: AMIP,hur,197901,200812,,Relative Humidity,,3.0,%
CNRM/CM5,Model: AMIP,hur,197901,200812,,Relative Humidity,,3.0,%
CSIRO/MK3.6,Model: AMIP,hur,197901,200912,,Relative Humidity,,3.0,%
GFDL/CM3,Model: AMIP,hur,198901,200812,,Relative Humidity,,3.0,%
IAP/FGOALS-S2,Model: AMIP,hur,197901,200812,,Relative Humidity,,3.0,%
IPSL/CM5A-LR,Model: AMIP,hur,197901,200912,,Relative Humidity,,3.0,%
MIROC/MIROC5,Model: AMIP,hur,197901,200812,,Relative Humidity,,3.0,%
MPI/ESM-LR,Model: AMIP,hur,185001,200512,,Relative Humidity,,3.0,%
MRI/CGCM3,Model: AMIP,hur,185001,200512,,Relative Humidity,,3.0,%
UKMO/HadGEM2-A,Model: AMIP,hur,197809,200812,,Relative Humidity,,3.0,%
ECMWF/interim,Reanalysis,hur,197901,201402,,Relative Humidity,,3.0,%
GFDL/ESM2G,Model: Historical,hus,197901,200512,,Specific Humidity,,3.0,1
GISS/E2-H,Model: Historical,hus,195101,200512,,Specific Humidity,,3.0,1
GISS/E2-R,Model: Historical,hus,190101,200512,,Specific Humidity,,3.0,1
NCAR/CAM5,Model: Historical,hus,195001,200512,,Specific Humidity,,3.0,1
NCC/NORESM,Model: Historical,hus,195001,200512,,Specific Humidity,,3.0,1
UKMO/HadGEM2-ES,Model: Historical,hus,185912,200511,,Specific Humidity,,3.0,1
CCCMA/CANAM4,Model: AMIP,hus,195001,200912,,Specific Humidity,,3.0,1
CMCC/CM,Model: AMIP,hus,197901,200812,,Specific Humidity,,3.0,1
CNRM/CM5,Model: AMIP,hus,197901,200812,,Specific Humidity,,3.0,1
CSIRO/MK3.6,Model: AMIP,hus,197901,200912,,Specific Humidity,,3.0,1
GFDL/CM3,Model: AMIP,hus,198901,200812,,Specific Humidity,,3.0,1
IAP/FGOALS-S2,Model: AMIP,hus,197901,200812,,Specific Humidity,,3.0,1
IPSL/CM5A-LR,Model: AMIP,hus,197901,200912,,Specific Humidity,,3.0,1
MIROC/MIROC5,Model: AMIP,hus,197901,200812,,Specific Humidity,,3.0,1
MPI/ESM-LR,Model: AMIP,hus,185001,200512,,Specific Humidity,,3.0,1
MRI/CGCM3,Model: AMIP,hus,185001,200512,,Specific Humidity,,3.0,1
UKMO/HadGEM2-A,Model: AMIP,hus,197809,200811,,Specific Humidity,,3.0,1
NASA/AIRS,Observation,hus,200209,201105,,Specific Humidity,,3.0,1
NASA/MLS,Observation,hus,200408,201012,,Specific Humidity,,3.0,1
ECMWF/interim,Reanalysis,hus,197901,201512,,Specific Humidity,,3.0,1
WRF/CO-KF,WRF,hus,200401,200412,,Specific Humidity,,3.0,1
WRF/CO-TIE,WRF,hus,200401,200412,,Specific Humidity,,3.0,1
WRF/MP-MOR,WRF,hus,200401,200412,,Specific Humidity,,3.0,1
WRF/MP-WDM,WRF,hus,200401,200412,,Specific Humidity,,3.0,1
WRF/PBL-YSU,WRF,hus,200401,200412,,Specific Humidity,,3.0,1
WRF/PBl-NN2,WRF,hus,200401,200412,,Specific Humidity,,3.0,1
WRF/RA-CAM,WRF,hus,200401,200412,,Specific Humidity,,3.0,1
WRF/ST,WRF,hus,200401,200412,,Specific Humidity,,3.0,1
GFDL/ESM2G,Model: Historical,lai,186101,200512,,Leaf Area Index,,2.0,1
NCAR/CAM5,Model: Historical,lai,185001,200512,,Leaf Area Index,,2.0,1
NCC/NORESM,Model: Historical,lai,185001,200512,,Leaf Area Index,,2.0,1
UKMO/HadGEM2-ES,Model: Historical,lai,185912,200511,,Leaf Area Index,,2.0,1
IPSL/CM5A-LR,Model: AMIP,lai,197901,200912,,Leaf Area Index,,2.0,1
MIROC/MIROC5,Model: AMIP,lai,197901,200812,,Leaf Area Index,,2.0,1
MPI/ESM-LR,Model: AMIP,lai,185001,200512,,Leaf Area Index,,2.0,1
NASA/MODIS,Observation,lai,200002,200912,,Leaf Area Index,,2.0,1
GFDL/ESM2G,Model: Historical,od550aer,198101,200512,,Ambient Aerosol Optical Thickness at 550 nm,,2.0,1
NCAR/CAM5,Model: Historical,od550aer,185001,200512,,Ambient Aerosol Optical Thickness at 550 nm,,2.0,1
NCC/NORESM,Model: Historical,od550aer,185001,200512,,Ambient Aerosol Optical Thickness at 550 nm,,2.0,1
UKMO/HadGEM2-ES,Model: Historical,od550aer,198412,200511,,Ambient Aerosol Optical Thickness at 550 nm,,2.0,1
CSIRO/MK3.6,Model: AMIP,od550aer,197901,200912,,Ambient Aerosol Optical Thickness at 550 nm,,2.0,1
IPSL/CM5A-LR,Model: AMIP,od550aer,197901,200912,,Ambient Aerosol Optical Thickness at 550 nm,,2.0,1
MIROC/MIROC5,Model: AMIP,od550aer,197901,200812,,Ambient Aerosol Optical Thickness at 550 nm,,2.0,1
MRI/CGCM3,Model: AMIP,od550aer,185001,200512,,Ambient Aerosol Optical Thickness at 550 nm,,2.0,1
UKMO/HadGEM2-A,Model: AMIP,od550aer,197809,200811,,Ambient Aerosol Optical Thickness at 550 nm,,2.0,1
NASA/MISR,Observation,od550aer,200003,201212,,Ambient Aerosol Optical Thickness at 550 nm,,2.0,1
NASA/MODIS,Observation,od550aer,200003,201212,,Ambient Aerosol Optical Thickness at 550 nm,,2.0,1
GFDL/ESM2G,Model: Historical,pr,195101,200512,,Precipitation Flux,,2.0,kg m-2 s-1
GISS/E2-H,Model: Historical,pr,195101,200512,,Precipitation Flux,,2.0,kg m-2 s-1
GISS/E2-R,Model: Historical,pr,190101,200512,,Precipitation Flux,,2.0,kg m-2 s-1
NCAR/CAM5,Model: Historical,pr,185001,200512,,Precipitation Flux,,2.0,kg m-2 s-1
NCC/NORESM,Model: Historical,pr,199501,200512,,Precipitation Flux,,2.0,kg m-2 s-1
UKMO/HadGEM2-ES,Model: Historical,pr,185912,200511,,Precipitation Flux,,2.0,kg m-2 s-1
CCCMA/CANAM4,Model: AMIP,pr,195001,200912,,Precipitation Flux,,2.0,kg m-2 s-1
CMCC/CM,Model: AMIP,pr,197901,200812,,Precipitation Flux,,2.0,kg m-2 s-1
CNRM/CM5,Model: AMIP,pr,197901,200812,,Precipitation Flux,,2.0,kg m-2 s-1
CSIRO/MK3.6,Model: AMIP,pr,197901,200912,,Precipitation Flux,,2.0,kg m-2 s-1
GFDL/CM3,Model: AMIP,pr,197901,200812,,Precipitation Flux,,2.0,kg m-2 s-1
IAP/FGOALS-S2,Model: AMIP,pr,197901,200812,,Precipitation Flux,,2.0,kg m-2 s-1
IPSL/CM5A-LR,Model: AMIP,pr,197901,200912,,Precipitation Flux,,2.0,kg m-2 s-1
MIROC/MIROC5,Model: AMIP,pr,197901,200812,,Precipitation Flux,,2.0,kg m-2 s-1
MPI/ESM-LR,Model: AMIP,pr,185001,200512,,Precipitation Flux,,2.0,kg m-2 s-1
MRI/CGCM3,Model: AMIP,pr,185001,200512,,Precipitation Flux,,2.0,kg m-2 s-1
UKMO/HadGEM2-A,Model: AMIP,pr,197809,200812,,Precipitation Flux,,2.0,kg m-2 s-1
NASA/GPCP,Observation,pr,197901,201106,,Precipitation Flux,,2.0,kg m-2 s-1
NASA/TRMM,Observation,pr,199801,201803,,Precipitation Flux,,2.0,kg m-2 s-1
WRF/CO-KF,WRF,pr,200401,200412,,Precipitation Flux,,2.0,kg m-2 s-1
WRF/CO-TIE,WRF,pr,200401,200412,,Precipitation Flux,,2.0,kg m-2 s-1
WRF/MP-MOR,WRF,pr,200401,200412,,Precipitation Flux,,2.0,kg m-2 s-1
WRF/MP-WDM,WRF,pr,200401,200412,,Precipitation Flux,,2.0,kg m-2 s-1
WRF/PBL-YSU,WRF,pr,200401,200412,,Precipitation Flux,,2.0,kg m-2 s-1
WRF/PBl-NN2,WRF,pr,200401,200412,,Precipitation Flux,,2.0,kg m-2 s-1
WRF/RA-CAM,WRF,pr,200401,200412,,Precipitation Flux,,2.0,kg m-2 s-1
WRF/ST,WRF,pr,200401,200412,,Precipitation Flux,,2.0,kg m-2 s-1
GFDL/ESM2G,Model: Historical,prw,195101,199512,,Water Vapor Path,,2.0,kg m-2
GISS/E2-H,Model: Historical,prw,195101,200512,,Water Vapor Path,,2.0,kg m-2
GISS/E2-R,Model: Historical,prw,190101,200512,,Water Vapor Path,,2.0,kg m-2
NCAR/CAM5,Model: Historical,prw,185001,200512,,Water Vapor Path,,2.0,kg m-2
CCCMA/CANAM4,Model: AMIP,prw,195001,200912,,Water Vapor Path,,2.0,kg m-2
CMCC/CM,Model: AMIP,prw,197901,200812,,Water Vapor Path,,2.0,kg m-2
CNRM/CM5,Model: AMIP,prw,197901,200812,,Water Vapor Path,,2.0,kg m-2
CSIRO/MK3.6,Model: AMIP,prw,197901,200912,,Water Vapor Path,,2.0,kg m-2
FUB-DWD/SSMI-MERIS,Model: AMIP,prw,200301,200812,,Water Vapor Path,,2.0,kg m-2
GFDL/CM3,Model: AMIP,prw,197901,199312,,Water Vapor Path,,2.0,kg m-2
IAP/FGOALS-S2,Model: AMIP,prw,197901,200812,,Water Vapor Path,,2.0,kg m-2
IPSL/CM5A-LR,Model: AMIP,prw,197901,200912,,Water Vapor Path,,2.0,kg m-2
MIROC/MIROC5,Model: AMIP,prw,197901,200812,,Water Vapor Path,,2.0,kg m-2
MPI/ESM-LR,Model: AMIP,prw,185001,200512,,Water Vapor Path,,2.0,kg m-2
MRI/CGCM3,Model: AMIP,prw,185001,200512,,Water Vapor Path,,2.0,kg m-2
UKMO/HadGEM2-A,Model: AMIP,prw,197809,200811,,Water Vapor Path,,2.0,kg m-2
GFDL/ESM2G,Model: Historical,rlds,186101,200512,,Surface Downwelling Longwave Radiation,,2.0,W m-2
GISS/E2-H,Model: Historical,rlds,185001,200512,,Surface Downwelling Longwave Radiation,,2.0,W m-2
GISS/E2-R,Model: Historical,rlds,187601,200512,,Surface Downwelling Longwave Radiation,,2.0,W m-2
NCAR/CAM5,Model: Historical,rlds,185001,200512,,Surface Downwelling Longwave Radiation,,2.0,W m-2
NCC/NORESM,Model: Historical,rlds,185001,200512,,Surface Downwelling Longwave Radiation,,2.0,W m-2
UKMO/HadGEM2-ES,Model: Historical,rlds,185912,200511,,Surface Downwelling Longwave Radiation,,2.0,W m-2
CCCMA/CANAM4,Model: AMIP,rlds,195001,200912,,Surface Downwelling Longwave Radiation,,2.0,W m-2
CMCC/CM,Model: AMIP,rlds,197901,200812,,Surface Downwelling Longwave Radiation,,2.0,W m-2
CNRM/CM5,Model: AMIP,rlds,197901,200812,,Surface Downwelling Longwave Radiation,,2.0,W m-2
CSIRO/MK3.6,Model: AMIP,rlds,197901,200912,,Surface Downwelling Longwave Radiation,,2.0,W m-2
GFDL/CM3,Model: AMIP,rlds,197901,200812,,Surface Downwelling Longwave Radiation,,2.0,W m-2
IAP/FGOALS-S2,Model: AMIP,rlds,197901,200812,,Surface Downwelling Longwave Radiation,,2.0,W m-2
IPSL/CM5A-LR,Model: AMIP,rlds,197901,200912,,Surface Downwelling Longwave Radiation,,2.0,W m-2
MIROC/MIROC5,Model: AMIP,rlds,197901,200812,,Surface Downwelling Longwave Radiation,,2.0,W m-2
MPI/ESM-LR,Model: AMIP,rlds,185001,200512,,Surface Downwelling Longwave Radiation,,2.0,W m-2
MRI/CGCM3,Model: AMIP,rlds,185001,200512,,Surface Downwelling Longwave Radiation,,2.0,W m-2
UKMO/HadGEM2-A,Model: AMIP,rlds,197809,200812,,Surface Downwelling Longwave Radiation,,2.0,W m-2
NASA/CERES,Observation,rlds,200003,201002,,Surface Downwelling Longwave Radiation,,2.0,W m-2
GFDL/ESM2G,Model: Historical,rldscs,186101,200512,,Surface Downwelling Clear-Sky Longwave Radiation,,2.0,W m-2
GISS/E2-H,Model: Historical,rldscs,185001,200512,,Surface Downwelling Clear-Sky Longwave Radiation,,2.0,W m-2
GISS/E2-R,Model: Historical,rldscs,187601,200512,,Surface Downwelling Clear-Sky Longwave Radiation,,2.0,W m-2
NCC/NORESM,Model: Historical,rldscs,185001,200512,,Surface Downwelling Clear-Sky Longwave Radiation,,2.0,W m-2
UKMO/HadGEM2-ES,Model: Historical,rldscs,185912,200511,,Surface Downwelling Clear-Sky Longwave Radiation,,2.0,W m-2
CCCMA/CANAM4,Model: AMIP,rldscs,195001,200912,,Surface Downwelling Clear-Sky Longwave Radiation,,2.0,W m-2
CNRM/CM5,Model: AMIP,rldscs,197901,200812,,Surface Downwelling Clear-Sky Longwave Radiation,,2.0,W m-2
CSIRO/MK3.6,Model: AMIP,rldscs,197901,200912,,Surface Downwelling Clear-Sky Longwave Radiation,,2.0,W m-2
GFDL/CM3,Model: AMIP,rldscs,197901,200812,,Surface Downwelling Clear-Sky Longwave Radiation,,2.0,W m-2
IAP/FGOALS-S2,Model: AMIP,rldscs,197901,200812,,Surface Downwelling Clear-Sky Longwave Radiation,,2.0,W m-2
IPSL/CM5A-LR,Model: AMIP,rldscs,197901,200912,,Surface Downwelling Clear-Sky Longwave Radiation,,2.0,W m-2
MIROC/MIROC5,Model: AMIP,rldscs,197901,200812,,Surface Downwelling Clear-Sky Longwave Radiation,,2.0,W m-2
MPI/ESM-LR,Model: AMIP,rldscs,185001,200512,,Surface Downwelling Clear-Sky Longwave Radiation,,2.0,W m-2
MRI/CGCM3,Model: AMIP,rldscs,185001,200512,,Surface Downwelling Clear-Sky Longwave Radiation,,2.0,W m-2
UKMO/HadGEM2-A,Model: AMIP,rldscs,197809,200812,,Surface Downwelling Clear-Sky Longwave Radiation,,2.0,W m-2
NASA/CERES,Observation,rldscs,200003,201002,,Surface Downwelling Clear-Sky Longwave Radiation,,2.0,W m-2
GFDL/ESM2G,Model: Historical,rlus,186101,200512,,Surface Upwelling Longwave Radiation,,2.0,W m-2
GISS/E2-H,Model: Historical,rlus,185001,200512,,Surface Upwelling Longwave Radiation,,2.0,W m-2
GISS/E2-R,Model: Historical,rlus,187601,200512,,Surface Upwelling Longwave Radiation,,2.0,W m-2
NCAR/CAM5,Model: Historical,rlus,185001,200512,,Surface Upwelling Longwave Radiation,,2.0,W m-2
NCC/NORESM,Model: Historical,rlus,185001,200512,,Surface Upwelling Longwave Radiation,,2.0,W m-2
UKMO/HadGEM2-ES,Model: Historical,rlus,185912,200511,,Surface Upwelling Longwave Radiation,,2.0,W m-2
CCCMA/CANAM4,Model: AMIP,rlus,195001,200912,,Surface Upwelling Longwave Radiation,,2.0,W m-2
CMCC/CM,Model: AMIP,rlus,197901,200812,,Surface Upwelling Longwave Radiation,,2.0,W m-2
CNRM/CM5,Model: AMIP,rlus,197901,200812,,Surface Upwelling Longwave Radiation,,2.0,W m-2
CSIRO/MK3.6,Model: AMIP,rlus,197901,200912,,Surface Upwelling Longwave Radiation,,2.0,W m-2
GFDL/CM3,Model: AMIP,rlus,197901,200812,,Surface Upwelling Longwave Radiation,,2.0,W m-2
IAP/FGOALS-S2,Model: AMIP,rlus,197901,200812,,Surface Upwelling Longwave Radiation,,2.0,W m-2
IPSL/CM5A-LR,Model: AMIP,rlus,197901,200912,,Surface Upwelling Longwave Radiation,,2.0,W m-2
MIROC/MIROC5,Model: AMIP,rlus,197901,200812,,Surface Upwelling Longwave Radiation,,2.0,W m-2
MPI/ESM-LR,Model: AMIP,rlus,185001,200512,,Surface Upwelling Longwave Radiation,,2.0,W m-2
MRI/CGCM3,Model: AMIP,rlus,185001,200512,,Surface Upwelling Longwave Radiation,,2.0,W m-2
UKMO/HadGEM2-A,Model: AMIP,rlus,197809,200812,,Surface Upwelling Longwave Radiation,,2.0,W m-2
NASA/CERES,Observation,rlus,200003,201002,,Surface Upwelling Longwave Radiation,,2.0,W m-2
GFDL/ESM2G,Model: Historical,rlut,186101,200512,,TOA Outgoing Longwave Radiation,,2.0,W m-2
GISS/E2-H,Model: Historical,rlut,185001,200512,,TOA Outgoing Longwave Radiation,,2.0,W m-2
GISS/E2-R,Model: Historical,rlut,187601,200512,,TOA Outgoing Longwave Radiation,,2.0,W m-2
NCAR/CAM5,Model: Historical,rlut,185001,200512,,TOA Outgoing Longwave Radiation,,2.0,W m-2
NCC/NORESM,Model: Historical,rlut,185001,200512,,TOA Outgoing Longwave Radiation,,2.0,W m-2
UKMO/HadGEM2-ES,Model: Historical,rlut,185912,200511,,TOA Outgoing Longwave Radiation,,2.0,W m-2
CCCMA/CANAM4,Model: AMIP,rlut,195001,200912,,TOA Outgoing Longwave Radiation,,2.0,W m-2
CMCC/CM,Model: AMIP,rlut,197901,200812,,TOA Outgoing Longwave Radiation,,2.0,W m-2
CNRM/CM5,Model: AMIP,rlut,197901,200812,,TOA Outgoing Longwave Radiation,,2.0,W m-2
CSIRO/MK3.6,Model: AMIP,rlut,197901,200912,,TOA Outgoing Longwave Radiation,,2.0,W m-2
GFDL/CM3,Model: AMIP,rlut,197901,200812,,TOA Outgoing Longwave Radiation,,2.0,W m-2
IAP/FGOALS-S2,Model: AMIP,rlut,197901,200812,,TOA Outgoing Longwave Radiation,,2.0,W m-2
IPSL/CM5A-LR,Model: AMIP,rlut,197901,200912,,TOA Outgoing Longwave Radiation,,2.0,W m-2
MIROC/MIROC5,Model: AMIP,rlut,197901,200812,,TOA Outgoing Longwave Radiation,,2.0,W m-2
MPI/ESM-LR,Model: AMIP,rlut,185001,200512,,TOA Outgoing Longwave Radiation,,2.0,W m-2
MRI/CGCM3,Model: AMIP,rlut,185001,200512,,TOA Outgoing Longwave Radiation,,2.0,W m-2
UKMO/HadGEM2-A,Model: AMIP,rlut,197809,200812,,TOA Outgoing Longwave Radiation,,2.0,W m-2
NASA/CERES,Observation,rlut,200003,201206,,TOA Outgoing Longwave Radiation,,2.0,W m-2
WRF/CO-KF,WRF,rlut,200401,200412,,TOA Outgoing Longwave Radiation,,2.0,W m-2
WRF/CO-TIE,WRF,rlut,200401,200412,,TOA Outgoing Longwave Radiation,,2.0,W m-2
WRF/MP-MOR,WRF,rlut,200401,200412,,TOA Outgoing Longwave Radiation,,2.0,W m-2
WRF/MP-WDM,WRF,rlut,200401,200412,,TOA Outgoing Longwave Radiation,,2.0,W m-2
WRF/PBL-YSU,WRF,rlut,200401,200412,,TOA Outgoing Longwave Radiation,,2.0,W m-2
WRF/PBl-NN2,WRF,rlut,200401,200412,,TOA Outgoing Longwave Radiation,,2.0,W m-2
WRF/RA-CAM,WRF,rlut,200401,200412,,TOA Outgoing Longwave Radiation,,2.0,W m-2
WRF/ST,WRF,rlut,200401,200412,,TOA Outgoing Longwave Radiation,,2.0,W m-2
GFDL/ESM2G,Model: Historical,rlutcs,186101,200512,,TOA Outgoing Clear-Sky Longwave Radiation,,2.0,W m-2
GISS/E2-H,Model: Historical,rlutcs,185001,200512,,TOA Outgoing Clear-Sky Longwave Radiation,,2.0,W m-2
GISS/E2-R,Model: Historical,rlutcs,187601,200512,,TOA Outgoing Clear-Sky Longwave Radiation,,2.0,W m-2
NCAR/CAM5,Model: Historical,rlutcs,185001,200512,,TOA Outgoing Clear-Sky Longwave Radiation,,2.0,W m-2
NCC/NORESM,Model: Historical,rlutcs,185001,200512,,TOA Outgoing Clear-Sky Longwave Radiation,,2.0,W m-2
UKMO/HadGEM2-ES,Model: Historical,rlutcs,185912,200511,,TOA Outgoing Clear-Sky Longwave Radiation,,2.0,W m-2
CCCMA/CANAM4,Model: AMIP,rlutcs,195001,200912,,TOA Outgoing Clear-Sky Longwave Radiation,,2.0,W m-2
CMCC/CM,Model: AMIP,rlutcs,197901,200812,,TOA Outgoing Clear-Sky Longwave Radiation,,2.0,W m-2
CNRM/CM5,Model: AMIP,rlutcs,197901,200812,,TOA Outgoing Clear-Sky Longwave Radiation,,2.0,W m-2
CSIRO/MK3.6,Model: AMIP,rlutcs,197901,200912,,TOA Outgoing Clear-Sky Longwave Radiation,,2.0,W m-2
GFDL/CM3,Model: AMIP,rlutcs,197901,200812,,TOA Outgoing Clear-Sky Longwave Radiation,,2.0,W m-2
IAP/FGOALS-S2,Model: AMIP,rlutcs,197901,200812,,TOA Outgoing Clear-Sky Longwave Radiation,,2.0,W m-2
IPSL/CM5A-LR,Model: AMIP,rlutcs,197901,200912,,TOA Outgoing Clear-Sky Longwave Radiation,,2.0,W m-2
MIROC/MIROC5,Model: AMIP,rlutcs,197901,200812,,TOA Outgoing Clear-Sky Longwave Radiation,,2.0,W m-2
MPI/ESM-LR,Model: AMIP,rlutcs,185001,200512,,TOA Outgoing Clear-Sky Longwave Radiation,,2.0,W m-2
MRI/CGCM3,Model: AMIP,rlutcs,185001,200512,,TOA Outgoing Clear-Sky Longwave Radiation,,2.0,W m-2
UKMO/HadGEM2-A,Model: AMIP,rlutcs,197809,200812,,TOA Outgoing Clear-Sky Longwave Radiation,,2.0,W m-2
NASA/CERES,Observation,rlutcs,200003,201206,,TOA Outgoing Clear-Sky Longwave Radiation,,2.0,W m-2
GFDL/ESM2G,Model: Historical,rsdt,186101,200512,,TOA Incident Shortwave Radiation,,2.0,W m-2
GISS/E2-H,Model: Historical,rsdt,185001,200512,,TOA Incident Shortwave Radiation,,2.0,W m-2
GISS/E2-R,Model: Historical,rsdt,187601,200512,,TOA Incident Shortwave Radiation,,2.0,W m-2
NCAR/CAM5,Model: Historical,rsdt,185001,200512,,TOA Incident Shortwave Radiation,,2.0,W m-2
NCC/NORESM,Model: Historical,rsdt,185001,200512,,TOA Incident Shortwave Radiation,,2.0,W m-2
UKMO/HadGEM2-ES,Model: Historical,rsdt,185912,200511,,TOA Incident Shortwave Radiation,,2.0,W m-2
CCCMA/CANAM4,Model: AMIP,rsdt,195001,200912,,TOA Incident Shortwave Radiation,,2.0,W m-2
CMCC/CM,Model: AMIP,rsdt,197901,200812,,TOA Incident Shortwave Radiation,,2.0,W m-2
CNRM/CM5,Model: AMIP,rsdt,197901,200812,,TOA Incident Shortwave Radiation,,2.0,W m-2
CSIRO/MK3.6,Model: AMIP,rsdt,197901,200912,,TOA Incident Shortwave Radiation,,2.0,W m-2
GFDL/CM3,Model: AMIP,rsdt,197901,200812,,TOA Incident Shortwave Radiation,,2.0,W m-2
IAP/FGOALS-S2,Model: AMIP,rsdt,197901,200812,,TOA Incident Shortwave Radiation,,2.0,W m-2
IPSL/CM5A-LR,Model: AMIP,rsdt,197901,200912,,TOA Incident Shortwave Radiation,,2.0,W m-2
MIROC/MIROC5,Model: AMIP,rsdt,197901,200812,,TOA Incident Shortwave Radiation,,2.0,W m-2
MPI/ESM-LR,Model: AMIP,rsdt,185001,200512,,TOA Incident Shortwave Radiation,,2.0,W m-2
MRI/CGCM3,Model: AMIP,rsdt,185001,200512,,TOA Incident Shortwave Radiation,,2.0,W m-2
UKMO/HadGEM2-A,Model: AMIP,rsdt,197809,200812,,TOA Incident Shortwave Radiation,,2.0,W m-2
NASA/CERES,Observation,rsdt,200003,201206,,TOA Incident Shortwave Radiation,,2.0,W m-2
GFDL/ESM2G,Model: Historical,rsut,199101,200512,,TOA Outgoing Shortwave Radiation,,2.0,W m-2
GISS/E2-H,Model: Historical,rsut,185001,200512,,TOA Outgoing Shortwave Radiation,,2.0,W m-2
GISS/E2-R,Model: Historical,rsut,187601,200512,,TOA Outgoing Shortwave Radiation,,2.0,W m-2
NCAR/CAM5,Model: Historical,rsut,185001,200512,,TOA Outgoing Shortwave Radiation,,2.0,W m-2
NCC/NORESM,Model: Historical,rsut,185001,200512,,TOA Outgoing Shortwave Radiation,,2.0,W m-2
UKMO/HadGEM2-ES,Model: Historical,rsut,185912,200511,,TOA Outgoing Shortwave Radiation,,2.0,W m-2
CCCMA/CANAM4,Model: AMIP,rsut,195001,200912,,TOA Outgoing Shortwave Radiation,,2.0,W m-2
CMCC/CM,Model: AMIP,rsut,197901,200812,,TOA Outgoing Shortwave Radiation,,2.0,W m-2
CNRM/CM5,Model: AMIP,rsut,197901,200812,,TOA Outgoing Shortwave Radiation,,2.0,W m-2
CSIRO/MK3.6,Model: AMIP,rsut,197901,200912,,TOA Outgoing Shortwave Radiation,,2.0,W m-2
GFDL/CM3,Model: AMIP,rsut,197901,200812,,TOA Outgoing Shortwave Radiation,,2.0,W m-2
IAP/FGOALS-S2,Model: AMIP,rsut,197901,200812,,TOA Outgoing Shortwave Radiation,,2.0,W m-2
IPSL/CM5A-LR,Model: AMIP,rsut,197901,200912,,TOA Outgoing Shortwave Radiation,,2.0,W m-2
MIROC/MIROC5,Model: AMIP,rsut,197901,200812,,TOA Outgoing Shortwave Radiation,,2.0,W m-2
MPI/ESM-LR,Model: AMIP,rsut,185001,200512,,TOA Outgoing Shortwave Radiation,,2.0,W m-2
MRI/CGCM3,Model: AMIP,rsut,185001,200512,,TOA Outgoing Shortwave Radiation,,2.0,W m-2
UKMO/HadGEM2-A,Model: AMIP,rsut,197809,200812,,TOA Outgoing Shortwave Radiation,,2.0,W m-2
NASA/CERES,Observation,rsut,200003,201206,,TOA Outgoing Shortwave Radiation,,2.0,W m-2
WRF/CO-KF,WRF,rsut,200401,200412,,TOA Outgoing Shortwave Radiation,,2.0,W m-2
WRF/CO-TIE,WRF,rsut,200401,200412,,TOA Outgoing Shortwave Radiation,,2.0,W m-2
WRF/MP-MOR,WRF,rsut,200401,200412,,TOA Outgoing Shortwave Radiation,,2.0,W m-2
WRF/MP-WDM,WRF,rsut,200401,200412,,TOA Outgoing Shortwave Radiation,,2.0,W m-2
WRF/PBL-YSU,WRF,rsut,200401,200412,,TOA Outgoing Shortwave Radiation,,2.0,W m-2
WRF/PBl-NN2,WRF,rsut,200401,200412,,TOA Outgoing Shortwave Radiation,,2.0,W m-2
WRF/RA-CAM,WRF,rsut,200401,200412,,TOA Outgoing Shortwave Radiation,,2.0,W m-2
WRF/ST,WRF,rsut,200401,200412,,TOA Outgoing Shortwave Radiation,,2.0,W m-2
GFDL/ESM2G,Model: Historical,rsutcs,199101,200512,,TOA Outgoing Clear-Sky Shortwave Radiation,,2.0,W m-2
GISS/E2-H,Model: Historical,rsutcs,185001,200512,,TOA Outgoing Clear-Sky Shortwave Radiation,,2.0,W m-2
GISS/E2-R,Model: Historical,rsutcs,187601,200512,,TOA Outgoing Clear-Sky Shortwave Radiation,,2.0,W m-2
NCAR/CAM5,Model: Historical,rsutcs,185001,200512,,TOA Outgoing Clear-Sky Shortwave Radiation,,2.0,W m-2
NCC/NORESM,Model: Historical,rsutcs,185001,200512,,TOA Outgoing Clear-Sky Shortwave Radiation,,2.0,W m-2
UKMO/HadGEM2-ES,Model: Historical,rsutcs,185912,200511,,TOA Outgoing Clear-Sky Shortwave Radiation,,2.0,W m-2
CCCMA/CANAM4,Model: AMIP,rsutcs,195001,200912,,TOA Outgoing Clear-Sky Shortwave Radiation,,2.0,W m-2
CMCC/CM,Model: AMIP,rsutcs,197901,200812,,TOA Outgoing Clear-Sky Shortwave Radiation,,2.0,W m-2
CNRM/CM5,Model: AMIP,rsutcs,197901,200812,,TOA Outgoing Clear-Sky Shortwave Radiation,,2.0,W m-2
CSIRO/MK3.6,Model: AMIP,rsutcs,197901,200912,,TOA Outgoing Clear-Sky Shortwave Radiation,,2.0,W m-2
GFDL/CM3,Model: AMIP,rsutcs,197901,200812,,TOA Outgoing Clear-Sky Shortwave Radiation,,2.0,W m-2
IAP/FGOALS-S2,Model: AMIP,rsutcs,197901,200812,,TOA Outgoing Clear-Sky Shortwave Radiation,,2.0,W m-2
IPSL/CM5A-LR,Model: AMIP,rsutcs,197901,200912,,TOA Outgoing Clear-Sky Shortwave Radiation,,2.0,W m-2
MIROC/MIROC5,Model: AMIP,rsutcs,197901,200812,,TOA Outgoing Clear-Sky Shortwave Radiation,,2.0,W m-2
MPI/ESM-LR,Model: AMIP,rsutcs,185001,200512,,TOA Outgoing Clear-Sky Shortwave Radiation,,2.0,W m-2
MRI/CGCM3,Model: AMIP,rsutcs,185001,200512,,TOA Outgoing Clear-Sky Shortwave Radiation,,2.0,W m-2
UKMO/HadGEM2-A,Model: AMIP,rsutcs,197809,200812,,TOA Outgoing Clear-Sky Shortwave Radiation,,2.0,W m-2
NASA/CERES,Observation,rsutcs,200003,201206,,TOA Outgoing Clear-Sky Shortwave Radiation,,2.0,W m-2
GFDL/ESM2G,Model: Historical,sfcWind,199101,200512,,Near-Surface Wind Speed,,2.0,m s-1
GISS/E2-H,Model: Historical,sfcWind,185001,200512,,Near-Surface Wind Speed,,2.0,m s-1
GISS/E2-R,Model: Historical,sfcWind,187601,200512,,Near-Surface Wind Speed,,2.0,m s-1
NCAR/CAM5,Model: Historical,sfcWind,185001,200512,,Near-Surface Wind Speed,,2.0,m s-1
UKMO/HadGEM2-ES,Model: Historical,sfcWind,185912,200511,,Near-Surface Wind Speed,,2.0,m s-1
CCCMA/CANAM4,Model: AMIP,sfcWind,195001,200912,,Near-Surface Wind Speed,,2.0,m s-1
CMCC/CM,Model: AMIP,sfcWind,197901,200812,,Near-Surface Wind Speed,,2.0,m s-1
CNRM/CM5,Model: AMIP,sfcWind,197901,200812,,Near-Surface Wind Speed,,2.0,m s-1
CSIRO/MK3.6,Model: AMIP,sfcWind,197901,200912,,Near-Surface Wind Speed,,2.0,m s-1
GFDL/CM3,Model: AMIP,sfcWind,197901,200812,,Near-Surface Wind Speed,,2.0,m s-1
IAP/FGOALS-S2,Model: AMIP,sfcWind,197901,200812,,Near-Surface Wind Speed,,2.0,m s-1
IPSL/CM5A-LR,Model: AMIP,sfcWind,197901,200912,,Near-Surface Wind Speed,,2.0,m s-1
MIROC/MIROC5,Model: AMIP,sfcWind,197901,200812,,Near-Surface Wind Speed,,2.0,m s-1
MPI/ESM-LR,Model: AMIP,sfcWind,185001,200512,,Near-Surface Wind Speed,,2.0,m s-1
UKMO/HadGEM2-A,Model: AMIP,sfcWind,197809,200812,,Near-Surface Wind Speed,,2.0,m s-1
NASA/QuikSCAT,Observation,sfcWind,199908,200910,,Near-Surface Wind Speed,,2.0,m s-1
ECMWF/interim,Reanalysis,sfcWind,197901,201605,,Near-Surface Wind Speed,,2.0,m s-1
GFDL/ESM2G,Model: Historical,ta,194601,200512,,Air Temperature,,3.0,K
GISS/E2-H,Model: Historical,ta,195101,200512,,Air Temperature,,3.0,K
GISS/E2-R,Model: Historical,ta,190101,200512,,Air Temperature,,3.0,K
NCAR/CAM5,Model: Historical,ta,195001,200512,,Air Temperature,,3.0,K
NCC/NORESM,Model: Historical,ta,195001,200512,,Air Temperature,,3.0,K
UKMO/HadGEM2-ES,Model: Historical,ta,195912,200511,,Air Temperature,,3.0,K
CCCMA/CANAM4,Model: AMIP,ta,195001,200912,,Air Temperature,,3.0,K
CMCC/CM,Model: AMIP,ta,197901,200812,,Air Temperature,,3.0,K
CNRM/CM5,Model: AMIP,ta,197901,200812,,Air Temperature,,3.0,K
CSIRO/MK3.6,Model: AMIP,ta,197901,200912,,Air Temperature,,3.0,K
GFDL/CM3,Model: AMIP,ta,197901,200812,,Air Temperature,,3.0,K
IAP/FGOALS-S2,Model: AMIP,ta,197901,200812,,Air Temperature,,3.0,K
IPSL/CM5A-LR,Model: AMIP,ta,197901,200912,,Air Temperature,,3.0,K
MIROC/MIROC5,Model: AMIP,ta,197901,200812,,Air Temperature,,3.0,K
MPI/ESM-LR,Model: AMIP,ta,185001,200512,,Air Temperature,,3.0,K
MRI/CGCM3,Model: AMIP,ta,197001,200512,,Air Temperature,,3.0,K
UKMO/HadGEM2-A,Model: AMIP,ta,197809,200811,,Air Temperature,,3.0,K
NASA/AIRS,Observation,ta,200209,201105,,Air Temperature,,3.0,K
NASA/MLS,Observation,ta,200408,201012,,Air Temperature,,3.0,K
ECMWF/interim,Reanalysis,ta,197901,201512,,Air Temperature,,3.0,K
GFDL/ESM2G,Model: Historical,tas,200601,210012,,Near-Surface Air Temperature,,2.0,K
GISS/E2-R,Model: Historical,tas,197601,200512,,Near-Surface Air Temperature,,2.0,K
NCAR/CAM5,Model: Historical,tas,185001,200512,,Near-Surface Air Temperature,,2.0,K
UKMO/HadGEM2-ES,Model: Historical,tas,198412,200511,,Near-Surface Air Temperature,,2.0,K
CCCMA/CANAM4,Model: AMIP,tas,195001,200912,,Near-Surface Air Temperature,,2.0,K
CMCC/CM,Model: AMIP,tas,197901,200812,,Near-Surface Air Temperature,,2.0,K
CNRM/CM5,Model: AMIP,tas,197901,200812,,Near-Surface Air Temperature,,2.0,K
CSIRO/MK3.6,Model: AMIP,tas,197901,200912,,Near-Surface Air Temperature,,2.0,K
IAP/FGOALS-S2,Model: AMIP,tas,197901,200812,,Near-Surface Air Temperature,,2.0,K
IPSL/CM5A-LR,Model: AMIP,tas,197901,200912,,Near-Surface Air Temperature,,2.0,K
MIROC/MIROC5,Model: AMIP,tas,197901,200812,,Near-Surface Air Temperature,,2.0,K
MPI/ESM-LR,Model: AMIP,tas,185001,200512,,Near-Surface Air Temperature,,2.0,K
MRI/CGCM3,Model: AMIP,tas,185001,200512,,Near-Surface Air Temperature,,2.0,K
NASA/AIRS,Observation,tas,200209,201609,,Near-Surface Air Temperature,,2.0,K
GFDL/ESM2G,Model: Historical,tos,199601,200512,Y,Sea Surface Temperature,,2.0,K
GISS/E2-H,Model: Historical,tos,195101,200512,,Sea Surface Temperature,,2.0,K
GISS/E2-R,Model: Historical,tos,195101,200512,,Sea Surface Temperature,,2.0,K
NCAR/CAM5,Model: Historical,tos,199501,200512,Y,Sea Surface Temperature,,2.0,K
NCC/NORESM,Model: Historical,tos,199501,200512,Y,Sea Surface Temperature,,2.0,K
MPI/ESM-LR,Model: AMIP,tos,197901,200512,Y,Sea Surface Temperature,,2.0,K
MRI/CGCM3,Model: AMIP,tos,197901,200512,Y,Sea Surface Temperature,,2.0,K
NASA/AMSRE,Observation,tos,200206,201012,,Sea Surface Temperature,,2.0,K
UOE/ATSR,Observation,tos,199701,201112,,Sea Surface Temperature,,2.0,K
ECMWF/interim,Reanalysis,tos,197901,201402,,Sea Surface Temperature,,2.0,K
GFDL/ESM2G,Model: Historical,ts,195101,200512,,Surface Temperature,,2.0,K
GISS/E2-H,Model: Historical,ts,195101,200512,,Surface Temperature,,2.0,K
GISS/E2-R,Model: Historical,ts,190101,200512,,Surface Temperature,,2.0,K
NCAR/CAM5,Model: Historical,ts,185001,200512,,Surface Temperature,,2.0,K
NCC/NORESM,Model: Historical,ts,199501,200512,,Surface Temperature,,2.0,K
UKMO/HadGEM2-ES,Model: Historical,ts,185912,200511,,Surface Temperature,,2.0,K
CCCMA/CANAM4,Model: AMIP,ts,195001,200912,,Surface Temperature,,2.0,K
CMCC/CM,Model: AMIP,ts,197901,200812,,Surface Temperature,,2.0,K
CNRM/CM5,Model: AMIP,ts,197901,200812,,Surface Temperature,,2.0,K
CSIRO/MK3.6,Model: AMIP,ts,197901,200912,,Surface Temperature,,2.0,K
GFDL/CM3,Model: AMIP,ts,197901,200812,,Surface Temperature,,2.0,K
IAP/FGOALS-S2,Model: AMIP,ts,197901,200812,,Surface Temperature,,2.0,K
IPSL/CM5A-LR,Model: AMIP,ts,197901,200912,,Surface Temperature,,2.0,K
MIROC/MIROC5,Model: AMIP,ts,197901,200812,,Surface Temperature,,2.0,K
MPI/ESM-LR,Model: AMIP,ts,185001,200512,,Surface Temperature,,2.0,K
MRI/CGCM3,Model: AMIP,ts,185001,200512,,Surface Temperature,,2.0,K
UKMO/HadGEM2-A,Model: AMIP,ts,197809,200812,,Surface Temperature,,2.0,K
GFDL/ESM2G,Model: Historical,uas,199101,200512,,Eastward Near-Surface Wind,,2.0,m s-1
GISS/E2-H,Model: Historical,uas,195101,200512,,Eastward Near-Surface Wind,,2.0,m s-1
GISS/E2-R,Model: Historical,uas,187601,200512,,Eastward Near-Surface Wind,,2.0,m s-1
NCC/NORESM,Model: Historical,uas,185001,200512,,Eastward Near-Surface Wind,,2.0,m s-1
UKMO/HadGEM2-ES,Model: Historical,uas,185912,200511,,Eastward Near-Surface Wind,,2.0,m s-1
CCCMA/CANAM4,Model: AMIP,uas,195001,200912,,Eastward Near-Surface Wind,,2.0,m s-1
CMCC/CM,Model: AMIP,uas,197901,200812,,Eastward Near-Surface Wind,,2.0,m s-1
CNRM/CM5,Model: AMIP,uas,197901,200812,,Eastward Near-Surface Wind,,2.0,m s-1
CSIRO/MK3.6,Model: AMIP,uas,197901,200912,,Eastward Near-Surface Wind,,2.0,m s-1
GFDL/CM3,Model: AMIP,uas,197901,200812,,Eastward Near-Surface Wind,,2.0,m s-1
IAP/FGOALS-S2,Model: AMIP,uas,197901,200812,,Eastward Near-Surface Wind,,2.0,m s-1
IPSL/CM5A-LR,Model: AMIP,uas,197901,200912,,Eastward Near-Surface Wind,,2.0,m s-1
MIROC/MIROC5,Model: AMIP,uas,197901,200812,,Eastward Near-Surface Wind,,2.0,m s-1
MPI/ESM-LR,Model: AMIP,uas,185001,200512,,Eastward Near-Surface Wind,,2.0,m s-1
MRI/CGCM3,Model: AMIP,uas,185001,200512,,Eastward Near-Surface Wind,,2.0,m s-1
UKMO/HadGEM2-A,Model: AMIP,uas,197809,200812,,Eastward Near-Surface Wind,,2.0,m s-1
NASA/QuikSCAT,Observation,uas,199908,200910,,Eastward Near-Surface Wind,,2.0,m s-1
ECMWF/interim,Reanalysis,uas,197901,201605,,Eastward Near-Surface Wind,,2.0,m s-1
GFDL/ESM2G,Model: Historical,vas,199101,200512,,Northward Near-Surface Wind,,2.0,m s-1
GISS/E2-H,Model: Historical,vas,195101,200512,,Northward Near-Surface Wind,,2.0,m s-1
GISS/E2-R,Model: Historical,vas,187601,200512,,Northward Near-Surface Wind,,2.0,m s-1
NCC/NORESM,Model: Historical,vas,185001,200512,,Northward Near-Surface Wind,,2.0,m s-1
UKMO/HadGEM2-ES,Model: Historical,vas,185912,200511,,Northward Near-Surface Wind,,2.0,m s-1
CCCMA/CANAM4,Model: AMIP,vas,195001,200912,,Northward Near-Surface Wind,,2.0,m s-1
CMCC/CM,Model: AMIP,vas,197901,200812,,Northward Near-Surface Wind,,2.0,m s-1
CNRM/CM5,Model: AMIP,vas,197901,200812,,Northward Near-Surface Wind,,2.0,m s-1
CSIRO/MK3.6,Model: AMIP,vas,197901,200912,,Northward Near-Surface Wind,,2.0,m s-1
GFDL/CM3,Model: AMIP,vas,197901,200812,,Northward Near-Surface Wind,,2.0,m s-1
IAP/FGOALS-S2,Model: AMIP,vas,197901,200812,,Northward Near-Surface Wind,,2.0,m s-1
IPSL/CM5A-LR,Model: AMIP,vas,197901,200912,,Northward Near-Surface Wind,,2.0,m s-1
MIROC/MIROC5,Model: AMIP,vas,197901,200812,,Northward Near-Surface Wind,,2.0,m s-1
MPI/ESM-LR,Model: AMIP,vas,185001,200512,,Northward Near-Surface Wind,,2.0,m s-1
MRI/CGCM3,Model: AMIP,vas,185001,200512,,Northward Near-Surface Wind,,2.0,m s-1
UKMO/HadGEM2-A,Model: AMIP,vas,197809,200812,,Northward Near-Surface Wind,,2.0,m s-1
NASA/QuikSCAT,Observation,vas,199908,200910,,Northward Near-Surface Wind,,2.0,m s-1
ECMWF/interim,Reanalysis,vas,197901,201605,,Northward Near-Surface Wind,,2.0,m s-1
GFDL/ESM2G,Model: Historical,wap,198601,200512,,Vertical Wind Velocity in Pressure,,3.0,Pa s-1
GISS/E2-H,Model: Historical,wap,195101,200512,,Vertical Wind Velocity in Pressure,,3.0,Pa s-1
GISS/E2-R,Model: Historical,wap,195101,200512,,Vertical Wind Velocity in Pressure,,3.0,Pa s-1
NCAR/CAM5,Model: Historical,wap,195001,200512,,Vertical Wind Velocity in Pressure,,3.0,Pa s-1
NCC/NORESM,Model: Historical,wap,195001,200512,,Vertical Wind Velocity in Pressure,,3.0,Pa s-1
UKMO/HadGEM2-ES,Model: Historical,wap,198412,200511,,Vertical Wind Velocity in Pressure,,3.0,Pa s-1
CCCMA/CANAM4,Model: AMIP,wap,195001,200912,,Vertical Wind Velocity in Pressure,,3.0,Pa s-1
CMCC/CM,Model: AMIP,wap,197901,200812,,Vertical Wind Velocity in Pressure,,3.0,Pa s-1
CNRM/CM5,Model: AMIP,wap,197901,200812,,Vertical Wind Velocity in Pressure,,3.0,Pa s-1
CSIRO/MK3.6,Model: AMIP,wap,197901,200912,,Vertical Wind Velocity in Pressure,,3.0,Pa s-1
GFDL/CM3,Model: AMIP,wap,198901,200812,,Vertical Wind Velocity in Pressure,,3.0,Pa s-1
IAP/FGOALS-S2,Model: AMIP,wap,197901,200812,,Vertical Wind Velocity in Pressure,,3.0,Pa s-1
IPSL/CM5A-LR,Model: AMIP,wap,197901,200912,,Vertical Wind Velocity in Pressure,,3.0,Pa s-1
MIROC/MIROC5,Model: AMIP,wap,197901,200812,,Vertical Wind Velocity in Pressure,,3.0,Pa s-1
MPI/ESM-LR,Model: AMIP,wap,185001,200512,,Vertical Wind Velocity in Pressure,,3.0,Pa s-1
MRI/CGCM3,Model: AMIP,wap,197001,200512,,Vertical Wind Velocity in Pressure,,3.0,Pa s-1
UKMO/HadGEM2-A,Model: AMIP,wap,197809,200812,,Vertical Wind Velocity in Pressure,,3.0,Pa s-1
ECMWF/interim,Reanalysis,wap,197901,201402,,Vertical Wind Velocity in Pressure,,3.0,Pa s-1
GFDL/ESM2G,Model: Historical,zg,198601,200512,,Geopotential Height,,3.0,m
GISS/E2-H,Model: Historical,zg,195101,200512,,Geopotential Height,,3.0,m
GISS/E2-R,Model: Historical,zg,195101,200512,,Geopotential Height,,3.0,m
NCAR/CAM5,Model: Historical,zg,195001,200512,,Geopotential Height,,3.0,m
NCC/NORESM,Model: Historical,zg,195001,200512,,Geopotential Height,,3.0,m
UKMO/HadGEM2-ES,Model: Historical,zg,198412,200511,,Geopotential Height,,3.0,m
CCCMA/CANAM4,Model: AMIP,zg,195001,200912,,Geopotential Height,,3.0,m
CMCC/CM,Model: AMIP,zg,197901,200812,,Geopotential Height,,3.0,m
CNRM/CM5,Model: AMIP,zg,197901,200812,,Geopotential Height,,3.0,m
CSIRO/MK3.6,Model: AMIP,zg,197901,200912,,Geopotential Height,,3.0,m
GFDL/CM3,Model: AMIP,zg,197901,200812,,Geopotential Height,,3.0,m
IAP/FGOALS-S2,Model: AMIP,zg,197901,200812,,Geopotential Height,,3.0,m
IPSL/CM5A-LR,Model: AMIP,zg,197901,200912,,Geopotential Height,,3.0,m
MIROC/MIROC5,Model: AMIP,zg,197901,200812,,Geopotential Height,,3.0,m
MPI/ESM-LR,Model: AMIP,zg,185001,200512,,Geopotential Height,,3.0,m
MRI/CGCM3,Model: AMIP,zg,197001,200512,,Geopotential Height,,3.0,m
UKMO/HadGEM2-A,Model: AMIP,zg,197809,200812,,Geopotential Height,,3.0,m
GFDL/ESM2G,Model: Historical,zos,199601,200512,Y,Sea Surface Height,,2.0,m
GISS/E2-R,Model: Historical,zos,187601,200512,,Sea Surface Height,,2.0,m
NCAR/CAM5,Model: Historical,zos,199501,200512,Y,Sea Surface Height,,2.0,m
NCC/NORESM,Model: Historical,zos,199501,200512,Y,Sea Surface Height,,2.0,m
MPI/ESM-LR,Model: AMIP,zos,197901,200512,Y,Sea Surface Height,,2.0,m
MRI/CGCM3,Model: AMIP,zos,197901,200512,Y,Sea Surface Height,,2.0,m
NASA/AVISO,Observation,zos,199210,201012,,Sea Surface Height,,2.0,m
GISS/E2-H,Model: Historical,rsds,185001,200512,,Surface Downwelling Shortwave Radiation,,2.0,W m-2
GISS/E2-R,Model: Historical,rsds,187601,200512,,Surface Downwelling Shortwave Radiation,,2.0,W m-2
NCAR/CAM5,Model: Historical,rsds,185001,200512,,Surface Downwelling Shortwave Radiation,,2.0,W m-2
NCC/NORESM,Model: Historical,rsds,185001,200512,,Surface Downwelling Shortwave Radiation,,2.0,W m-2
UKMO/HadGEM2-ES,Model: Historical,rsds,185912,200511,,Surface Downwelling Shortwave Radiation,,2.0,W m-2
CCCMA/CANAM4,Model: AMIP,rsds,195001,200912,,Surface Downwelling Shortwave Radiation,,2.0,W m-2
CMCC/CM,Model: AMIP,rsds,197901,200812,,Surface Downwelling Shortwave Radiation,,2.0,W m-2
CNRM/CM5,Model: AMIP,rsds,197901,200812,,Surface Downwelling Shortwave Radiation,,2.0,W m-2
CSIRO/MK3.6,Model: AMIP,rsds,197901,200912,,Surface Downwelling Shortwave Radiation,,2.0,W m-2
GFDL/CM3,Model: AMIP,rsds,197901,200812,,Surface Downwelling Shortwave Radiation,,2.0,W m-2
IAP/FGOALS-S2,Model: AMIP,rsds,197901,200812,,Surface Downwelling Shortwave Radiation,,2.0,W m-2
IPSL/CM5A-LR,Model: AMIP,rsds,197901,200912,,Surface Downwelling Shortwave Radiation,,2.0,W m-2
MIROC/MIROC5,Model: AMIP,rsds,197901,200812,,Surface Downwelling Shortwave Radiation,,2.0,W m-2
MPI/ESM-LR,Model: AMIP,rsds,185001,200512,,Surface Downwelling Shortwave Radiation,,2.0,W m-2
MRI/CGCM3,Model: AMIP,rsds,185001,200512,,Surface Downwelling Shortwave Radiation,,2.0,W m-2
UKMO/HadGEM2-A,Model: AMIP,rsds,197809,200812,,Surface Downwelling Shortwave Radiation,,2.0,W m-2
NASA/CERES,Observation,rsds,200003,201002,,Surface Downwelling Shortwave Radiation,,2.0,W m-2
GISS/E2-H,Model: Historical,rsdscs,185001,200512,,Surface Downwelling Clear-Sky Shortwave Radiation,,2.0,W m-2
GISS/E2-R,Model: Historical,rsdscs,187601,200512,,Surface Downwelling Clear-Sky Shortwave Radiation,,2.0,W m-2
NCAR/CAM5,Model: Historical,rsdscs,185001,200512,,Surface Downwelling Clear-Sky Shortwave Radiation,,2.0,W m-2
NCC/NORESM,Model: Historical,rsdscs,185001,200512,,Surface Downwelling Clear-Sky Shortwave Radiation,,2.0,W m-2
UKMO/HadGEM2-ES,Model: Historical,rsdscs,185912,200511,,Surface Downwelling Clear-Sky Shortwave Radiation,,2.0,W m-2
CCCMA/CANAM4,Model: AMIP,rsdscs,195001,200912,,Surface Downwelling Clear-Sky Shortwave Radiation,,2.0,W m-2
CNRM/CM5,Model: AMIP,rsdscs,197901,200812,,Surface Downwelling Clear-Sky Shortwave Radiation,,2.0,W m-2
CSIRO/MK3.6,Model: AMIP,rsdscs,197901,200912,,Surface Downwelling Clear-Sky Shortwave Radiation,,2.0,W m-2
GFDL/CM3,Model: AMIP,rsdscs,197901,200812,,Surface Downwelling Clear-Sky Shortwave Radiation,,2.0,W m-2
IAP/FGOALS-S2,Model: AMIP,rsdscs,197901,200812,,Surface Downwelling Clear-Sky Shortwave Radiation,,2.0,W m-2
IPSL/CM5A-LR,Model: AMIP,rsdscs,197901,200912,,Surface Downwelling Clear-Sky Shortwave Radiation,,2.0,W m-2
MIROC/MIROC5,Model: AMIP,rsdscs,197901,200812,,Surface Downwelling Clear-Sky Shortwave Radiation,,2.0,W m-2
MPI/ESM-LR,Model: AMIP,rsdscs,185001,200512,,Surface Downwelling Clear-Sky Shortwave Radiation,,2.0,W m-2
MRI/CGCM3,Model: AMIP,rsdscs,185001,200512,,Surface Downwelling Clear-Sky Shortwave Radiation,,2.0,W m-2
UKMO/HadGEM2-A,Model: AMIP,rsdscs,197809,200812,,Surface Downwelling Clear-Sky Shortwave Radiation,,2.0,W m-2
NASA/CERES,Observation,rsdscs,200003,201002,,Surface Downwelling Clear-Sky Shortwave Radiation,,2.0,W m-2
GISS/E2-H,Model: Historical,rsus,185001,200512,,Surface Upwelling Shortwave Radiation,,2.0,W m-2
GISS/E2-R,Model: Historical,rsus,187601,200512,,Surface Upwelling Shortwave Radiation,,2.0,W m-2
NCAR/CAM5,Model: Historical,rsus,185001,200512,,Surface Upwelling Shortwave Radiation,,2.0,W m-2
NCC/NORESM,Model: Historical,rsus,185001,200512,,Surface Upwelling Shortwave Radiation,,2.0,W m-2
UKMO/HadGEM2-ES,Model: Historical,rsus,185912,200511,,Surface Upwelling Shortwave Radiation,,2.0,W m-2
CCCMA/CANAM4,Model: AMIP,rsus,195001,200912,,Surface Upwelling Shortwave Radiation,,2.0,W m-2
CMCC/CM,Model: AMIP,rsus,197901,200812,,Surface Upwelling Shortwave Radiation,,2.0,W m-2
CNRM/CM5,Model: AMIP,rsus,197901,200812,,Surface Upwelling Shortwave Radiation,,2.0,W m-2
CSIRO/MK3.6,Model: AMIP,rsus,197901,200912,,Surface Upwelling Shortwave Radiation,,2.0,W m-2
GFDL/CM3,Model: AMIP,rsus,197901,200812,,Surface Upwelling Shortwave Radiation,,2.0,W m-2
IAP/FGOALS-S2,Model: AMIP,rsus,197901,200812,,Surface Upwelling Shortwave Radiation,,2.0,W m-2
IPSL/CM5A-LR,Model: AMIP,rsus,197901,200912,,Surface Upwelling Shortwave Radiation,,2.0,W m-2
MIROC/MIROC5,Model: AMIP,rsus,197901,200812,,Surface Upwelling Shortwave Radiation,,2.0,W m-2
MPI/ESM-LR,Model: AMIP,rsus,185001,200512,,Surface Upwelling Shortwave Radiation,,2.0,W m-2
MRI/CGCM3,Model: AMIP,rsus,185001,200512,,Surface Upwelling Shortwave Radiation,,2.0,W m-2
UKMO/HadGEM2-A,Model: AMIP,rsus,197809,200812,,Surface Upwelling Shortwave Radiation,,2.0,W m-2
NASA/CERES,Observation,rsus,200003,201002,,Surface Upwelling Shortwave Radiation,,2.0,W m-2
GISS/E2-H,Model: Historical,rsuscs,185001,200512,,Surface Upwelling Clear-Sky Shortwave Radiation,,2.0,W m-2
GISS/E2-R,Model: Historical,rsuscs,187601,200512,,Surface Upwelling Clear-Sky Shortwave Radiation,,2.0,W m-2
NCAR/CAM5,Model: Historical,rsuscs,185001,200512,,Surface Upwelling Clear-Sky Shortwave Radiation,,2.0,W m-2
NCC/NORESM,Model: Historical,rsuscs,185001,200512,,Surface Upwelling Clear-Sky Shortwave Radiation,,2.0,W m-2
UKMO/HadGEM2-ES,Model: Historical,rsuscs,185912,200511,,Surface Upwelling Clear-Sky Shortwave Radiation,,2.0,W m-2
CCCMA/CANAM4,Model: AMIP,rsuscs,195001,200912,,Surface Upwelling Clear-Sky Shortwave Radiation,,2.0,W m-2
CNRM/CM5,Model: AMIP,rsuscs,197901,200812,,Surface Upwelling Clear-Sky Shortwave Radiation,,2.0,W m-2
CSIRO/MK3.6,Model: AMIP,rsuscs,197901,200912,,Surface Upwelling Clear-Sky Shortwave Radiation,,2.0,W m-2
GFDL/CM3,Model: AMIP,rsuscs,197901,200812,,Surface Upwelling Clear-Sky Shortwave Radiation,,2.0,W m-2
IAP/FGOALS-S2,Model: AMIP,rsuscs,197901,200812,,Surface Upwelling Clear-Sky Shortwave Radiation,,2.0,W m-2
IPSL/CM5A-LR,Model: AMIP,rsuscs,197901,200912,,Surface Upwelling Clear-Sky Shortwave Radiation,,2.0,W m-2
MIROC/MIROC5,Model: AMIP,rsuscs,197901,200812,,Surface Upwelling Clear-Sky Shortwave Radiation,,2.0,W m-2
MPI/ESM-LR,Model: AMIP,rsuscs,185001,200512,,Surface Upwelling Clear-Sky Shortwave Radiation,,2.0,W m-2
MRI/CGCM3,Model: AMIP,rsuscs,185001,200512,,Surface Upwelling Clear-Sky Shortwave Radiation,,2.0,W m-2
UKMO/HadGEM2-A,Model: AMIP,rsuscs,197809,200812,,Surface Upwelling Clear-Sky Shortwave Radiation,,2.0,W m-2
NASA/CERES,Observation,rsuscs,200003,201002,,Surface Upwelling Clear-Sky Shortwave Radiation,,2.0,W m-2
GISS/E2-R,Model: Historical,clivi,190101,200512,,,,,
NCAR/CAM5,Model: Historical,clivi,185001,200512,,,,,
UKMO/HadGEM2-ES,Model: Historical,clivi,198012,200511,,,,,
CCCMA/CANAM4,Model: AMIP,clivi,195001,200912,,,,,
CMCC/CM,Model: AMIP,clivi,197901,200812,,,,,
CNRM/CM5,Model: AMIP,clivi,197901,200812,,,,,
CSIRO/MK3.6,Model: AMIP,clivi,197901,200912,,,,,
IAP/FGOALS-S2,Model: AMIP,clivi,197901,200812,,,,,
IPSL/CM5A-LR,Model: AMIP,clivi,197901,200912,,,,,
MIROC/MIROC5,Model: AMIP,clivi,197901,200812,,,,,
MPI/ESM-LR,Model: AMIP,clivi,185001,200512,,,,,
MRI/CGCM3,Model: AMIP,clivi,185001,200512,,,,,
GISS/E2-R,Model: Historical,sic,185001,200512,,,,,
NCAR/CAM5,Model: Historical,sic,185001,200512,,,,,
NCC/NORESM,Model: Historical,sic,185001,200512,,,,,
UKMO/HadGEM2-ES,Model: Historical,sic,195912,200512,,,,,
MPI/ESM-LR,Model: AMIP,sic,185001,200512,,,,,
NCAR/CAM5,Model: Historical,sit,185001,200512,,,,,
NCAR/CAM5,Model: Historical,ua,195001,200512,,Eastward Wind,,3.0,m s-1
CCCMA/CANAM4,Model: AMIP,ua,195001,200912,,Eastward Wind,,3.0,m s-1
CMCC/CM,Model: AMIP,ua,197901,200812,,Eastward Wind,,3.0,m s-1
CNRM/CM5,Model: AMIP,ua,197901,200812,,Eastward Wind,,3.0,m s-1
CSIRO/MK3.6,Model: AMIP,ua,197901,200912,,Eastward Wind,,3.0,m s-1
IAP/FGOALS-S2,Model: AMIP,ua,197901,200812,,Eastward Wind,,3.0,m s-1
IPSL/CM5A-LR,Model: AMIP,ua,197901,200912,,Eastward Wind,,3.0,m s-1
MIROC/MIROC5,Model: AMIP,ua,197901,200812,,Eastward Wind,,3.0,m s-1
MPI/ESM-LR,Model: AMIP,ua,185001,200512,,Eastward Wind,,3.0,m s-1
MRI/CGCM3,Model: AMIP,ua,197001,200512,,Eastward Wind,,3.0,m s-1
ECMWF/interim,Reanalysis,ua,197901,201512,,Eastward Wind,,3.0,m s-1
WRF/CO-KF,WRF,ua,200401,200412,,Eastward Wind,,3.0,m s-1
WRF/CO-TIE,WRF,ua,200401,200412,,Eastward Wind,,3.0,m s-1
WRF/MP-MOR,WRF,ua,200401,200412,,Eastward Wind,,3.0,m s-1
WRF/MP-WDM,WRF,ua,200401,200412,,Eastward Wind,,3.0,m s-1
WRF/PBL-YSU,WRF,ua,200401,200412,,Eastward Wind,,3.0,m s-1
WRF/PBl-NN2,WRF,ua,200401,200412,,Eastward Wind,,3.0,m s-1
WRF/RA-CAM,WRF,ua,200401,200412,,Eastward Wind,,3.0,m s-1
WRF/ST,WRF,ua,200401,200412,,Eastward Wind,,3.0,m s-1
NCAR/CAM5,Model: Historical,va,195001,200512,,Northward Wind,,3.0,m s-1
CCCMA/CANAM4,Model: AMIP,va,195001,200912,,Northward Wind,,3.0,m s-1
CMCC/CM,Model: AMIP,va,197901,200812,,Northward Wind,,3.0,m s-1
CNRM/CM5,Model: AMIP,va,197901,200812,,Northward Wind,,3.0,m s-1
CSIRO/MK3.6,Model: AMIP,va,197901,200912,,Northward Wind,,3.0,m s-1
IAP/FGOALS-S2,Model: AMIP,va,197901,200812,,Northward Wind,,3.0,m s-1
IPSL/CM5A-LR,Model: AMIP,va,197901,200912,,Northward Wind,,3.0,m s-1
MIROC/MIROC5,Model: AMIP,va,197901,200812,,Northward Wind,,3.0,m s-1
MPI/ESM-LR,Model: AMIP,va,185001,200512,,Northward Wind,,3.0,m s-1
MRI/CGCM3,Model: AMIP,va,197001,200512,,Northward Wind,,3.0,m s-1
ECMWF/interim,Reanalysis,va,197901,201512,,Northward Wind,,3.0,m s-1
WRF/CO-KF,WRF,va,200401,200412,,Northward Wind,,3.0,m s-1
WRF/CO-TIE,WRF,va,200401,200412,,Northward Wind,,3.0,m s-1
WRF/MP-MOR,WRF,va,200401,200412,,Northward Wind,,3.0,m s-1
WRF/MP-WDM,WRF,va,200401,200412,,Northward Wind,,3.0,m s-1
WRF/PBL-YSU,WRF,va,200401,200412,,Northward Wind,,3.0,m s-1
WRF/PBl-NN2,WRF,va,200401,200412,,Northward Wind,,3.0,m s-1
WRF/RA-CAM,WRF,va,200401,200412,,Northward Wind,,3.0,m s-1
WRF/ST,WRF,va,200401,200412,,Northward Wind,,3.0,m s-1
CCCMA/CANAM4,Model: AMIP,ccb,195001,200912,,,,,
IAP/FGOALS-S2,Model: AMIP,ccb,197901,200812,,,,,
IPSL/CM5A-LR,Model: AMIP,ccb,197901,200912,,,,,
MIROC/MIROC5,Model: AMIP,ccb,197901,200812,,,,,
CCCMA/CANAM4,Model: AMIP,ci,195001,200912,,,,,
IPSL/CM5A-LR,Model: AMIP,ci,197901,200912,,,,,
CCCMA/CANAM4,Model: AMIP,clwvi,195001,200912,,,,,
CMCC/CM,Model: AMIP,clwvi,197901,200812,,,,,
CNRM/CM5,Model: AMIP,clwvi,197901,200812,,,,,
CSIRO/MK3.6,Model: AMIP,clwvi,197901,200912,,,,,
IAP/FGOALS-S2,Model: AMIP,clwvi,197901,200812,,,,,
IPSL/CM5A-LR,Model: AMIP,clwvi,197901,200912,,,,,
MIROC/MIROC5,Model: AMIP,clwvi,197901,200812,,,,,
MPI/ESM-LR,Model: AMIP,clwvi,185001,200512,,,,,
MRI/CGCM3,Model: AMIP,clwvi,185001,200512,,,,,
CCCMA/CANAM4,Model: AMIP,evspsbl,195001,200912,,,,,
CMCC/CM,Model: AMIP,evspsbl,197901,200812,,,,,
CNRM/CM5,Model: AMIP,evspsbl,197901,200812,,,,,
CSIRO/MK3.6,Model: AMIP,evspsbl,197901,200912,,,,,
IAP/FGOALS-S2,Model: AMIP,evspsbl,197901,200812,,,,,
IPSL/CM5A-LR,Model: AMIP,evspsbl,197901,200912,,,,,
MIROC/MIROC5,Model: AMIP,evspsbl,197901,200812,,,,,
MPI/ESM-LR,Model: AMIP,evspsbl,185001,200512,,,,,
CCCMA/CANAM4,Model: AMIP,hfls,195001,200912,,,,,
CMCC/CM,Model: AMIP,hfls,197901,200812,,,,,
CNRM/CM5,Model: AMIP,hfls,197901,200812,,,,,
CSIRO/MK3.6,Model: AMIP,hfls,197901,200912,,,,,
IAP/FGOALS-S2,Model: AMIP,hfls,197901,200812,,,,,
IPSL/CM5A-LR,Model: AMIP,hfls,197901,200912,,,,,
MIROC/MIROC5,Model: AMIP,hfls,197901,200812,,,,,
MPI/ESM-LR,Model: AMIP,hfls,185001,200512,,,,,
MRI/CGCM3,Model: AMIP,hfls,185001,200512,,,,,
CCCMA/CANAM4,Model: AMIP,hfss,195001,200912,,,,,
CMCC/CM,Model: AMIP,hfss,197901,200812,,,,,
CNRM/CM5,Model: AMIP,hfss,197901,200812,,,,,
CSIRO/MK3.6,Model: AMIP,hfss,197901,200912,,,,,
IAP/FGOALS-S2,Model: AMIP,hfss,197901,200812,,,,,
IPSL/CM5A-LR,Model: AMIP,hfss,197901,200912,,,,,
MIROC/MIROC5,Model: AMIP,hfss,197901,200812,,,,,
MPI/ESM-LR,Model: AMIP,hfss,185001,200512,,,,,
MRI/CGCM3,Model: AMIP,hfss,185001,200512,,,,,
CCCMA/CANAM4,Model: AMIP,hurs,195001,200912,,Near-Surface Relative Humidity,,2.0,%
CNRM/CM5,Model: AMIP,hurs,197901,200812,,Near-Surface Relative Humidity,,2.0,%
CSIRO/MK3.6,Model: AMIP,hurs,197901,200912,,Near-Surface Relative Humidity,,2.0,%
IAP/FGOALS-S2,Model: AMIP,hurs,197901,200812,,Near-Surface Relative Humidity,,2.0,%
IPSL/CM5A-LR,Model: AMIP,hurs,197901,200912,,Near-Surface Relative Humidity,,2.0,%
MIROC/MIROC5,Model: AMIP,hurs,197901,200812,,Near-Surface Relative Humidity,,2.0,%
MRI/CGCM3,Model: AMIP,hurs,185001,200512,,Near-Surface Relative Humidity,,2.0,%
UKMO/HadGEM2-A,Model: AMIP,hurs,197809,200812,,Near-Surface Relative Humidity,,2.0,%
CCCMA/CANAM4,Model: AMIP,huss,195001,200912,,,,,
CNRM/CM5,Model: AMIP,huss,197901,200812,,,,,
CSIRO/MK3.6,Model: AMIP,huss,197901,200912,,,,,
IAP/FGOALS-S2,Model: AMIP,huss,197901,200812,,,,,
IPSL/CM5A-LR,Model: AMIP,huss,197901,200912,,,,,
MIROC/MIROC5,Model: AMIP,huss,197901,200812,,,,,
MRI/CGCM3,Model: AMIP,huss,185001,200512,,,,,
CCCMA/CANAM4,Model: AMIP,mc,195001,200912,,,,,
CSIRO/MK3.6,Model: AMIP,mc,197901,200912,,,,,
IAP/FGOALS-S2,Model: AMIP,mc,197901,200812,,,,,
IPSL/CM5A-LR,Model: AMIP,mc,197901,200912,,,,,
MIROC/MIROC5,Model: AMIP,mc,197901,200812,,,,,
CCCMA/CANAM4,Model: AMIP,prc,195001,200912,,,,,
CMCC/CM,Model: AMIP,prc,197901,200812,,,,,
CNRM/CM5,Model: AMIP,prc,197901,200812,,,,,
CSIRO/MK3.6,Model: AMIP,prc,197901,200912,,,,,
IAP/FGOALS-S2,Model: AMIP,prc,197901,200812,,,,,
IPSL/CM5A-LR,Model: AMIP,prc,197901,200912,,,,,
MIROC/MIROC5,Model: AMIP,prc,197901,200812,,,,,
MPI/ESM-LR,Model: AMIP,prc,185001,200512,,,,,
MRI/CGCM3,Model: AMIP,prc,185001,200512,,,,,
CCCMA/CANAM4,Model: AMIP,prsn,195001,200912,,,,,
CMCC/CM,Model: AMIP,prsn,197901,200812,,,,,
CNRM/CM5,Model: AMIP,prsn,197901,200812,,,,,
CSIRO/MK3.6,Model: AMIP,prsn,197901,200912,,,,,
IAP/FGOALS-S2,Model: AMIP,prsn,197901,200812,,,,,
IPSL/CM5A-LR,Model: AMIP,prsn,197901,200912,,,,,
MIROC/MIROC5,Model: AMIP,prsn,197901,200812,,,,,
MPI/ESM-LR,Model: AMIP,prsn,185001,200512,,,,,
CCCMA/CANAM4,Model: AMIP,ps,195001,200912,,,,,
CMCC/CM,Model: AMIP,ps,197901,200812,,,,,
CNRM/CM5,Model: AMIP,ps,197901,200812,,,,,
CSIRO/MK3.6,Model: AMIP,ps,197901,200912,,,,,
IAP/FGOALS-S2,Model: AMIP,ps,197901,200812,,,,,
IPSL/CM5A-LR,Model: AMIP,ps,197901,200912,,,,,
MIROC/MIROC5,Model: AMIP,ps,197901,200812,,,,,
MPI/ESM-LR,Model: AMIP,ps,185001,200512,,,,,
CCCMA/CANAM4,Model: AMIP,psl,195001,200912,,,,,
CMCC/CM,Model: AMIP,psl,197901,200812,,,,,
CNRM/CM5,Model: AMIP,psl,197901,200812,,,,,
CSIRO/MK3.6,Model: AMIP,psl,197901,200912,,,,,
IAP/FGOALS-S2,Model: AMIP,psl,197901,200812,,,,,
IPSL/CM5A-LR,Model: AMIP,psl,197901,200912,,,,,
MIROC/MIROC5,Model: AMIP,psl,197901,200812,,,,,
MPI/ESM-LR,Model: AMIP,psl,185001,200512,,,,,
CCCMA/CANAM4,Model: AMIP,rtmt,195001,200912,,,,,
CMCC/CM,Model: AMIP,rtmt,197901,200812,,,,,
CNRM/CM5,Model: AMIP,rtmt,197901,200812,,,,,
CSIRO/MK3.6,Model: AMIP,rtmt,197901,200912,,,,,
IPSL/CM5A-LR,Model: AMIP,rtmt,197901,200912,,,,,
MIROC/MIROC5,Model: AMIP,rtmt,197901,200812,,,,,
MPI/ESM-LR,Model: AMIP,rtmt,185001,200512,,,,,
CCCMA/CANAM4,Model: AMIP,sbl,195001,200912,,,,,
CNRM/CM5,Model: AMIP,sbl,197901,200812,,,,,
CCCMA/CANAM4,Model: AMIP,sci,195001,200912,,,,,
CCCMA/CANAM4,Model: AMIP,tasmax,195001,200912,,,,,
CMCC/CM,Model: AMIP,tasmax,197901,200812,,,,,
CNRM/CM5,Model: AMIP,tasmax,197901,200812,,,,,
CSIRO/MK3.6,Model: AMIP,tasmax,197901,200912,,,,,
IAP/FGOALS-S2,Model: AMIP,tasmax,197901,200812,,,,,
IPSL/CM5A-LR,Model: AMIP,tasmax,197901,200912,,,,,
MIROC/MIROC5,Model: AMIP,tasmax,197901,200812,,,,,
MPI/ESM-LR,Model: AMIP,tasmax,185001,200512,,,,,
CCCMA/CANAM4,Model: AMIP,tasmin,195001,200912,,,,,
CMCC/CM,Model: AMIP,tasmin,197901,200812,,,,,
CNRM/CM5,Model: AMIP,tasmin,197901,200812,,,,,
CSIRO/MK3.6,Model: AMIP,tasmin,197901,200912,,,,,
IAP/FGOALS-S2,Model: AMIP,tasmin,197901,200812,,,,,
IPSL/CM5A-LR,Model: AMIP,tasmin,197901,200912,,,,,
MIROC/MIROC5,Model: AMIP,tasmin,197901,200812,,,,,
MPI/ESM-LR,Model: AMIP,tasmin,185001,200512,,,,,
CCCMA/CANAM4,Model: AMIP,tauu,195001,200912,,,,,
CMCC/CM,Model: AMIP,tauu,197901,200812,,,,,
CNRM/CM5,Model: AMIP,tauu,197901,200812,,,,,
CSIRO/MK3.6,Model: AMIP,tauu,197901,200912,,,,,
IAP/FGOALS-S2,Model: AMIP,tauu,197901,200812,,,,,
IPSL/CM5A-LR,Model: AMIP,tauu,197901,200912,,,,,
MIROC/MIROC5,Model: AMIP,tauu,197901,200812,,,,,
MPI/ESM-LR,Model: AMIP,tauu,185001,200512,,,,,
CCCMA/CANAM4,Model: AMIP,tauv,195001,200912,,,,,
CMCC/CM,Model: AMIP,tauv,197901,200812,,,,,
CNRM/CM5,Model: AMIP,tauv,197901,200812,,,,,
CSIRO/MK3.6,Model: AMIP,tauv,197901,200912,,,,,
IAP/FGOALS-S2,Model: AMIP,tauv,197901,200812,,,,,
IPSL/CM5A-LR,Model: AMIP,tauv,197901,200912,,,,,
MIROC/MIROC5,Model: AMIP,tauv,197901,200812,,,,,
MPI/ESM-LR,Model: AMIP,tauv,185001,200512,,,,,
CNRM/CM5,Model: AMIP,cfadDbze94,200801,200812,,,,,
CNRM/CM5,Model: AMIP,cfadLidarsr532,200801,200812,,,,,
CNRM/CM5,Model: AMIP,clcalipso,200801,200812,,,,,
MPI/ESM-LR,Model: AMIP,clcalipso,197901,200512,,,,,
CNRM/CM5,Model: AMIP,clcalipso2,200801,200812,,,,,
CNRM/CM5,Model: AMIP,clhcalipso,200801,200812,,,,,
MPI/ESM-LR,Model: AMIP,clhcalipso,197901,200512,,,,,
CNRM/CM5,Model: AMIP,cllcalipso,200801,200812,,,,,
MPI/ESM-LR,Model: AMIP,cllcalipso,197901,200512,,,,,
CNRM/CM5,Model: AMIP,clmcalipso,200801,200812,,,,,
MPI/ESM-LR,Model: AMIP,clmcalipso,197901,200512,,,,,
CNRM/CM5,Model: AMIP,cltcalipso,200801,200812,,CALIPSO Total Cloud Fraction,,2.0,%
MPI/ESM-LR,Model: AMIP,cltcalipso,197901,200512,,CALIPSO Total Cloud Fraction,,2.0,%
CNRM/CM5,Model: AMIP,cltlidarradar,200801,200812,,,,,
CNRM/CM5,Model: AMIP,parasolRefl,200801,200812,,,,,
MPI/ESM-LR,Model: AMIP,parasolRefl,197901,200512,,,,,
CNRM/CM5,Model: AMIP,tro3,197901,200812,,,,,
IPSL/CM5A-LR,Model: AMIP,tro3,197901,200912,,,,,
MIROC/MIROC5,Model: AMIP,tro3,197901,200812,,,,,
MPI/ESM-LR,Model: AMIP,tro3,185001,200512,,,,,
NASA/TES,Observation,tro3,200507,200912,,,,,
MIROC/MIROC5,Model: AMIP,cfc113global,197901,200812,,,,,
MIROC/MIROC5,Model: AMIP,cfc11global,197901,200812,,,,,
MIROC/MIROC5,Model: AMIP,cfc12global,197901,200812,,,,,
MIROC/MIROC5,Model: AMIP,ch4global,197901,200812,,,,,
MIROC/MIROC5,Model: AMIP,co2mass,197901,200812,,,,,
MPI/ESM-LR,Model: AMIP,co2mass,185001,200512,,,,,
MIROC/MIROC5,Model: AMIP,hcfc22global,197901,200812,,,,,
MIROC/MIROC5,Model: AMIP,n2oglobal,197901,200812,,,,,
MPI/ESM-LR,Model: AMIP,albisccp,197901,200512,,,,,
WCRP/ISCCP,Observation,albisccp,198307,200806,,,,,
MPI/ESM-LR,Model: AMIP,clisccp,197901,200512,,,,,
MRI/CGCM3,Model: AMIP,clisccp,197901,201002,,,,,
WCRP/ISCCP,Observation,clisccp,198307,200806,,,,,
MPI/ESM-LR,Model: AMIP,cltisccp,197901,200512,,ISCCP Total Cloud Fraction (daytime only),,2.0,%
WCRP/ISCCP,Observation,cltisccp,198307,200806,,ISCCP Total Cloud Fraction (daytime only),,2.0,%
MPI/ESM-LR,Model: AMIP,fco2antt,185001,200512,,,,,
MPI/ESM-LR,Model: AMIP,fco2nat,185001,200512,,,,,
MPI/ESM-LR,Model: AMIP,pctisccp,197901,200512,,,,,
WCRP/ISCCP,Observation,pctisccp,198307,200806,,,,,
ARGO/ARGO,Observation,os,200101,201305,,Ocean Salinity,ocean,3.0,psu
ARGO/ARGO,Observation,ot,200101,201305,,Ocean Temperature,ocean,3.0,K
NASA/AIRS,Observation,husNobs,200209,201105,,,,,
NASA/MLS,Observation,husNobs,200408,201012,,,,,
NASA/AIRS,Observation,husStderr,200209,201105,,,,,
NASA/MLS,Observation,husStderr,200408,201012,,,,,
NASA/AIRS,Observation,taNobs,200209,201105,,,,,
NASA/MLS,Observation,taNobs,200408,201012,,,,,
NASA/AIRS,Observation,taStderr,200209,201105,,,,,
NASA/MLS,Observation,taStderr,200408,201012,,,,,
NASA/AMSRE,Observation,tosNobs,200206,201012,,,,,
NASA/AMSRE,Observation,tosStderr,200206,201012,,,,,
NASA/GRACE,Observation,zl,200204,201506,,Equivalent Water Height Over Land,,2.0,cm
NASA/GRACE,Observation,zo,200208,201506,,Equivalent Water Height Over Ocean,,2.0,cm
NASA/MODIS,Observation,cltNobs,200003,201109,,,,,
NASA/MODIS,Observation,cltStddev,200003,201109,,,,,
NASA/MODIS,Observation,cltday,200003,201512,,Daytime Total Cloud Area Fraction,,2.0,1
NASA/MODIS,Observation,cltiday,200003,201512,,Daytime Total Ice Cloud Area Fraction,,2.0,1
NASA/MODIS,Observation,cltlday,200003,201512,,Daytime Total Liquid Cloud Area Fraction,,2.0,1
NASA/MODIS,Observation,ctpday,200003,201512,,Daytime Cloud Top Pressure,,2.0,hPa
NASA/MODIS,Observation,cttday,200003,201512,,Daytime Cloud Top Temperature,,2.0,K
NASA/MODIS,Observation,lst,200003,201212,,,,,
NASA/MODIS,Observation,reflciday,200003,201512,,Daytime Cirrus Reflectance,,2.0,1
NASA/MODIS,Observation,taucday,200003,201512,,Daytime Ice/Liquid Combined Cloud Optical Thickness,,2.0,1
NASA/MODIS,Observation,tauiday,200003,201512,,Daytime Ice Cloud Optical Thickness,,2.0,1
NASA/MODIS,Observation,taulday,200003,201512,,Daytime Liquid Cloud Optical Thickness,,2.0,1
NASA/QuikSCAT,Observation,sfcWindNobs,199908,200910,,,,,
NASA/QuikSCAT,Observation,sfcWindStderr,199908,200910,,,,,
NASA/QuikSCAT,Observation,uasNobs,199908,200910,,,,,
NASA/QuikSCAT,Observation,uasStderr,199908,200910,,,,,
NASA/QuikSCAT,Observation,vasNobs,199908,200910,,,,,
NASA/QuikSCAT,Observation,vasStderr,199908,200910,,,,,
NCEP/GLDAS,Observation,mrso1,197901,201806,,Soil Moisture Content from Surface to 10 cm Deep,,2.0,kg m-2
NCEP/GLDAS,Observation,mrso2,197901,201806,,Soil Moisture Content from 10 cm to 160 cm Deep,,2.0,kg m-2
NCEP/GLDAS,Observation,mrso3,197901,201806,,Soil Moisture Content from 160 cm to 190 cm Deep,,2.0,kg m-2
NOAA/NODC,Observation,ohc2000,200501,201212,,Ocean Heat Content Anomaly within 2000 m Depth,,2.0,1e18 joules
NOAA/NODC,Observation,ohc700,195501,201212,,Ocean Heat Content Anomaly within 700 m Depth,,2.0,1e18 joules
WCRP/ISCCP,Observation,albisccpunweighted,198307,200806,,,,,
WCRP/ISCCP,Observation,cttisccp,198307,200806,,,,,
WCRP/ISCCP,Observation,cttisccpunweighted,198307,200806,,,,,
WCRP/ISCCP,Observation,pctisccpunweighted,198307,200806,,,,,
ECMWF/interim,Reanalysis,gz,197901,201512,,Geopotential,,3.0,m**2 s**-2
WRF/CO-KF,WRF,th,200401,200412,,Potential Temperature,,3.0,K
WRF/CO-TIE,WRF,th,200401,200412,,Potential Temperature,,3.0,K
WRF/MP-MOR,WRF,th,200401,200412,,Potential Temperature,,3.0,K
WRF/MP-WDM,WRF,th,200401,200412,,Potential Temperature,,3.0,K
WRF/PBL-YSU,WRF,th,200401,200412,,Potential Temperature,,3.0,K
WRF/PBl-NN2,WRF,th,200401,200412,,Potential Temperature,,3.0,K
WRF/RA-CAM,WRF,th,200401,200412,,Potential Temperature,,3.0,K
WRF/ST,WRF,th,200401,200412,,Potential Temperature,,3.0,K
WRF/CO-KF,WRF,w,200401,200412,,Vertical Wind Velocity,,3.0,m s-1
WRF/CO-TIE,WRF,w,200401,200412,,Vertical Wind Velocity,,3.0,m s-1
WRF/MP-MOR,WRF,w,200401,200412,,Vertical Wind Velocity,,3.0,m s-1
WRF/MP-WDM,WRF,w,200401,200412,,Vertical Wind Velocity,,3.0,m s-1
WRF/PBL-YSU,WRF,w,200401,200412,,Vertical Wind Velocity,,3.0,m s-1
WRF/PBl-NN2,WRF,w,200401,200412,,Vertical Wind Velocity,,3.0,m s-1
WRF/RA-CAM,WRF,w,200401,200412,,Vertical Wind Velocity,,3.0,m s-1
WRF/ST,WRF,w,200401,200412,,Vertical Wind Velocity,,3.0,m s-1
